,_url,name,industry,company_type,specialties,headquarters_city
5,https://www.linkedin.com/company/1twente/,1Twente,Broadcast Media,Nonprofit,"Radiostation, Televisiestation, Online media",enschede
6,https://www.linkedin.com/company/20face/,20face,Computer Software,Privately Held,"Face recognition R&D, Automated surveillance and security, Smart home applications, Automated identity verification and access-control",enschede
7,https://www.linkedin.com/company/24dutch-nl/,24dutch.nl,Information Technology & Services,Privately Held,"IT, Strategic Purchasing, Sales, Business Development, IT recruiting",enschede
10,https://www.linkedin.com/company/djurict/,2app,Information Technology & Services,Public Company,"Webdevelopment, Smartphone application development, Mac OS X support, mobile development, Responsive Web, Agile development, device agnostic, apps",enschede
14,https://www.linkedin.com/company/2ran-solutions/,2RAN IT,Information Technology & Services,Self-Employed,"Fiber, FTTh, FTTx, Home/Business Automation, Z-Wave Products",enschede
16,https://www.linkedin.com/company/360sportsintelligence/,360SportsIntelligence,Computer Software,Public Company,,enschede
18,https://www.linkedin.com/company/4d-datalogic/,4D DataLogic B.V.,Information Technology & Services,Partnership,"ICT-consultancy, Advisering, Inrichten administratieve en logistieke processen, Automatisering",tubbergen
21,https://www.linkedin.com/company/weare52dn/,52DN | BERT,Information Technology & Services,Public Company,Mobile Business Strategy and Mobile Apps development,enschede
25,https://www.linkedin.com/company/alextiehuis.nl/,A&A Appdesign,Computer Software,Partnership,"CRM, tijdregistratie, materiaalregistratie projectregistratie, Apps, Webapplicaties",enschede
28,https://www.linkedin.com/company/a1b2c3-consultancy---hypnodokter/,A1b2c3 Consultancy - Hypnodokter,Information Technology & Services,Sole Proprietorship,,enschede
31,https://www.linkedin.com/company/aaand8/,AAAnd8,Information Services,Self-Employed,"Ondernemen, Coaching, Advisering, Training",almelo
32,https://www.linkedin.com/company/aandagt-reclame-&-marketing/,Aandagt reclame & marketing,Marketing & Advertising,Public Company,"Advies, Conceptontwikkeling, Communicatiestrategie, Fotografie, Huisstijlontwikkeling, Illustratie, Marketing, Reclame, Websiteontwikkeling",almelo
34,https://www.linkedin.com/company/abccalc/,ABCcalc,Information Technology & Services,Partnership,,denekamp
35,https://www.linkedin.com/company/abra-nl/,Abra B.V.,Computer Software,Privately Held,"Android development, iOS development, Web development",enschede
37,https://www.linkedin.com/company/access2data/,Access2Data,Computer Software,Self-Employed,"Maatwerk databases, Access, Kantoorondersteuning, Planning",hengelo
39,https://www.linkedin.com/company/accommodatiehuur.nl/,Accommodatiehuur (Accommodation rental),Internet,Partnership,,oldenzaal
42,https://www.linkedin.com/company/accredis-b-v-/,Accredis B.V.,Information Technology & Services,Privately Held,"Sluitende fiscale ritregistratie, Object bewaking, Fleetmanagement, kilometerregistratie",enschede
48,https://www.linkedin.com/company/actfact/,ActFact cloud business software,Computer Software,Privately Held,"ActFact Business Software, ERP software, CRM software, Cloud, SaaS, Support, cloud software, accounting, dashboards, engineering, innovation, reporting",enschede
49,https://www.linkedin.com/company/actric/,Actric,Computer Software,Public Company,"Project Management, Interim Management, Diensten Marketing Management, Proces Modelering, Consultancy, Training & Coaching",enschede
50,https://www.linkedin.com/company/addition-solutions.nu/,Addition Solutions.nu,Information Technology & Services,Partnership,"Microsoft Dynamics NAV, ERP, Warehouse Management Software (WMS), Jet-Reports, Power-Bi",oldenzaal
52,https://www.linkedin.com/company/adwise-yourdigitalbrain/,Adwise - Your Digital Brain,Internet,Privately Held,"Business strategy, Marketing strategy, Brand & Experience, Digital marketing, Technology & Development, Content & Design, Data & Intelligence, People & Organisation, Performance marketing",almelo
53,https://www.linkedin.com/company/adwise-academy/,Adwise Academy,Internet,Privately Held,"education, digital marketing, learning & development, talent development, training, coaching, mentoring, digital",almelo
60,https://www.linkedin.com/company/akyla/,Akyla,Computer Software,Public Company,"Flexportal, Software voor de flexbranche, Payrollsoftware, Uitzendsoftware, Urenregistratieporal e-UUR, CAO-ontrafelaar Xplican, e-UUR App, Urenregistratie App, uitzend, payroll, detacheren, portal, app, urenregistratie, flexkrachten, managen flexkrachten",enschede
62,https://www.linkedin.com/company/alfabetreclame/,Alfabet Reclame,Marketing & Advertising,Partnership,"Vormgeving, Internetdiensten, Sign, Print, Standbouw, Webdesign, Google Adwords SEA, Search Engine Optimization, Drukwerk, Shop in shop, Conceptstores",den ham
63,https://www.linkedin.com/company/11512704/,Alfabet Reclame,Marketing & Advertising,Partnership,"Vormgeving, Internetdiensten, Sign, Print, Standbouw, Webdesign, Google Adwords SEA, Search Engine Optimization, Drukwerk, Shop in shop, Conceptstores",den ham
66,https://www.linkedin.com/company/allestogo/,Alles to go,Information Technology & Services,Sole Proprietorship,,oldenzaal
70,https://www.linkedin.com/company/almexx/,Almexx,Internet,Public Company,,enschede
74,https://www.linkedin.com/company/amerion-dental-it-solutions/,Amerion Gezondheidszorg ICT,Information Technology & Services,Privately Held,"ICT, Cloud, VOIP Telefonie, Dental software, ICT Consultancy",enschede
75,https://www.linkedin.com/company/amerion-it/,Amerion IT,Information Technology & Services,Privately Held,"Cloud Computing, VoIP telephony, Connectivity, Microsoft Office 365, Google Apps for Business, Microsoft Windows Azure, Amazon AWS, Virtualization, Remote Working, IT Security, Network Installation, Online Back-up, Network Maintenance and Monitoring",enschede
77,https://www.linkedin.com/company/antagonist-b-v-/,Antagonist B.V.,Information Technology & Services,Privately Held,"Dedicated resources, WordPress hosting, Webhosting, Domeinnamen, Gratis SSL, Managed hosting",enschede
81,https://www.linkedin.com/company/appcenternederland/,AppCenter Nederland,Computer Software,Privately Held,"SaaS, Apps, Software, Websites, Webshops, Digital Transformation",enschede
83,https://www.linkedin.com/company/applicant-recruitment-systems/,Applicant,Computer Software,Privately Held,"werving & selectie, Applicant Tracking Systems, Werken bij websites, Recruitment, Recruitment Systems, Jobsites, Software Development",enschede
84,https://www.linkedin.com/company/appnormal.com/,Appnormal,Computer Software,Privately Held,"Android, development, mobile applications, iOS development, Android development, Android apps, iOS, iOS apps, Concept, Design, Strategy, B2B, B2C",enschede
91,https://www.linkedin.com/company/arian-masselink-bv/,Arian Masselink BV,Information Technology & Services,Self-Employed,"Software development, PHP/ Laravel, VueJS, Android Java/ Kotlin, iOS Objective-C/ Swift, Mobile development, Web development, Projectmanagement, Jira, GIT",denekamp
99,https://www.linkedin.com/company/assumaxvof/,AssuMAX,Computer Software,Public Company,,enschede
100,https://www.linkedin.com/company/ast-groep/,AST-Groep,Telecommunications,Privately Held,"Shop concept for the professional car accessoryshop, we do marketing activities, training and promotion.",vriezenveen
101,https://www.linkedin.com/company/atlasonlinedms/,ATLASOnline,Computer Software,Privately Held,,enschede
102,https://www.linkedin.com/company/atrocit/,Atrocit,Information Technology & Services,Partnership,,hengelo
103,https://www.linkedin.com/company/attributes-bv/,Attributes bv,Information Technology & Services,Privately Held,,losser
105,https://www.linkedin.com/company/auron-software/,Auron Software,Computer Software,Privately Held,,enschede
108,https://www.linkedin.com/company/autofoxrijschoolsoftware/,Autofox,Computer Software,Privately Held,,enschede
112,https://www.linkedin.com/company/awidt/,Awidt,Information Services,Self-Employed,,enschede
113,https://www.linkedin.com/company/axilium/,Axilium,Information Technology & Services,Privately Held,Software,hengelo
114,https://www.linkedin.com/company/10531143/,Axxemble,Information Technology & Services,Privately Held,"Information security, Consultancy, ISO 27001, NEN 7510, Risk analysis",enschede
115,https://www.linkedin.com/company/axxemble/,Axxemble,Information Technology & Services,Privately Held,"Information security, Consultancy, ISO 27001, NEN 7510, Risk analysis",enschede
117,https://www.linkedin.com/company/aynik-software-solutions/,aYniK Software Solutions B.V.,Computer Software,Privately Held,"Linux, C++, Qt, QML, macOS, UML, Software architecture",hengelo
122,https://www.linkedin.com/company/b-ware-business-software/,B-ware Business Software,Information Technology & Services,Privately Held,"Documentcreatie, customer communication management, huisstijlautomatisering, sjablonen, outputmanagement, Microsoft Office, workflowmanagement, document assembly, document automation, SAP SuccessFactors, SAP, Empire",enschede
125,https://www.linkedin.com/company/bantoe-bv/,Bantoe BV,Information Technology & Services,Privately Held,Desktop Virtualisatie 2e Generatie and Datacenter,enschede
127,https://www.linkedin.com/company/baseflowit/,Baseflow,Information Technology & Services,Privately Held,"Xamarin, MvvmCross, Open Source, AI, Web, Mobile, IoT, Embedded, Linux, Google Cloud, Technical Strategy, Angular, Flutter, Inovation, Mobile, Consultancy, Workshops, App development, Development",enschede
128,https://www.linkedin.com/company/basicsoftware/,BasicSoftware,Computer Software,Self-Employed,,glanerbrug
130,https://www.linkedin.com/company/bavacsoftware/,Bavac,Computer Software,Self-Employed,,enschede
134,https://www.linkedin.com/company/becker-yard/,Becker Yard,Internet,Privately Held,,oldenzaal
137,https://www.linkedin.com/company/beezdesign/,BEEZ DESIGN,Information Technology & Services,Public Company,"wordpress, webhosting, zoekmachineoptimalisatie, seo, online marketing, grafische vormgeving, webdesign, hosting, webshops",oldenzaal
138,https://www.linkedin.com/company/beheermijn-nl/,Beheermijn.nl,Information Technology & Services,Public Company,"Website, webwinkels, hosting, update's, backups",enschede
139,https://www.linkedin.com/company/belapplications/,Belapplications,Computer Software,Sole Proprietorship,"app development, digital marketing, iOS development, android development, web development, wordpress",wierden
146,https://www.linkedin.com/company/better-be/,BetterBe B.V.,Information Technology & Services,Privately Held,,enschede
152,https://www.linkedin.com/company/bi-today/,BI-Today,Information Technology & Services,Self-Employed,"Pentaho, Tableau, MySQL, Business Objects, Business Intelligence, ETL, Scrum, Kanban, Informatiemanagement, PowerBI",hengelo
153,https://www.linkedin.com/company/big-eye/,Big Eye,Information Technology & Services,Partnership,"Business Intelligence, Data, BI, Analytics, Data Analytics, Data Visualisation, Consulting, Qlik, Qlik Sense, BI Consulting, Data-driven, Insights, Information Technology",enschede
155,https://www.linkedin.com/company/binsend/,Binsend,Computer Software,Privately Held,"Cloud, Storage, Transfer, Workflow, Reporting, Dashboarding",enschede
156,https://www.linkedin.com/company/binspiredbv/,BInspired BV,Information Technology & Services,Privately Held,"Data visualisation, Business Intelligence, sales, analytics",hengelo
159,https://www.linkedin.com/company/bitwolk/,Bitwolk,Information Technology & Services,Privately Held,"Cloud, Mail, Contactenboek, Agenda, Beveiliging, Bestanden, Filetransfer, Privacy",enschede
162,https://www.linkedin.com/company/blastdigitalsignage/,Blast! Media NL,Information Technology & Services,Privately Held,"Digital Signage, Digital Out of Home, Digitaal stoepbord, Digitale etalageposter, 3D-projectie, Customer Journey, Gezichtsherkenning, Kentekenplaatherkenning, Digitale abri, Digitale petrol display, Out of Home, Outdoor Signage",hengelo
163,https://www.linkedin.com/company/blauwolk-ict/,Blauwolk,Internet,Privately Held,creativity,vriezenveen
166,https://www.linkedin.com/company/blockx/,BlockX | Build Digital Companies,Information Technology & Services,Privately Held,"Microsoft, SharePoint, Dynamics CRM, PowerBI, Business Productivity, Customer Relationship Management, Portals, Dynamics 365, Document Mangement, Dynamics 365, Customer Engagement",enschede
167,https://www.linkedin.com/company/bloqs-software/,bloqs Software,Information Technology & Services,Partnership,,enschede
168,https://www.linkedin.com/company/bluebytes/,Blue Bytes,Information Technology & Services,Self-Employed,"Online werkplek, VoIP, Cloud hosting, Connectivity, Webhosting, Security",enschede
171,https://www.linkedin.com/company/blueprint-software-bv/,Blueprint Software BV,Information Technology & Services,Public Company,,oldenzaal
173,https://www.linkedin.com/company/bni-de-kameleon/,BNI de Kameleon,Marketing & Advertising,Nonprofit,"Internet marketing, Letselschade, Werkkleding, Makelaar, Sales trainer, Automobiel, ICT, Interieur, Fotografie, Buitenreclame, Marketing/Communicatie, Stukadoor, Aannemer, Subsidie & ISO, Promotiemateriaal, Accountant, Financieel adviseur, Indoor events, Trainer D",enschede
175,https://www.linkedin.com/company/bni-dewolf/,BNI De Wolf,Marketing & Advertising,Nonprofit,"referral marketing, meer omzet door aanbevelingen, geven loont, netwerken",enschede
178,https://www.linkedin.com/company/boekengilde/,BoekenGilde,Publishing,Public Company,"Boeken drukken, Boeken binden, Uitgeven in eigen beheer, Lay-out binnenwerk en omslag",enschede
182,https://www.linkedin.com/company/bondix-intelligence/,Bondix Intelligence B.V.,Information Technology & Services,Privately Held,,enschede
184,https://www.linkedin.com/company/bookingboosters/,Booking Boosters,Marketing & Advertising,Privately Held,"Online marketing, Google Adwords, Affiliate Marketing, Zoekmachine Marketing, Zoekmachine Optimalisatie, Google Tag Manager, E-mail Marketing, Facebook Marketing, Recreatie, Toerisme, Performance based marketing, Google Ads, Youtube",enschede
190,https://www.linkedin.com/company/bowabv/,BOWA Automatisering B.V.,Information Technology & Services,Privately Held,,haaksbergen
192,https://www.linkedin.com/company/brains-craft/,Brains & Craft,Information Technology & Services,Partnership,,hengelo
196,https://www.linkedin.com/company/brand-builders_2/,Brand Builders,Marketing & Advertising,Public Company,"Marketing, Advertising, Animation, Web, Graphics, Video, Photography, Identity, Concept development, Food, B2B, Digital, Shopper activation, Instore activation",wierden
200,https://www.linkedin.com/company/brease-zorgware/,Brease Zorgware,Information Technology & Services,Privately Held,,hengelo
201,https://www.linkedin.com/company/brederogroep/,Bredero Groep,Information Technology & Services,Privately Held,Totaalleverancier van betrouwbare ICT oplossingen,hengelo
205,https://www.linkedin.com/company/bright-access/,Bright Access,Internet,Public Company,"glass, glasvezel, glasvezelverbinding, internet",enschede
206,https://www.linkedin.com/company/brinks-media/,Brinks Media,Information Technology & Services,Sole Proprietorship,"Websites, Webshops, Marketing, Technologie, Innovaties",vriezenveen
207,https://www.linkedin.com/company/brixcrm/,BrixCRM,Computer Software,Privately Held,"Customer Relationship Management, Klantgericht ondernemen, SugarCRM, CRM-software, Consulting, Programmeren, HubSpot, Marketing Automation, Integraties, Microsoft Dynamics, Klantdata, Klantplatformen, Implementaties",almelo
210,https://www.linkedin.com/company/bubble-it/,Bubble-IT,Information Technology & Services,Privately Held,"Online desktop, Office 2013 in uw online desktop, Bedrijfseigen applicaties in uw online desktop, Webhosting / e-mail",almelo
216,https://www.linkedin.com/company/butlon/,Butlon,Internet,Privately Held,Online supermarkt and Platform maaltijdbezorging,enschede
221,https://www.linkedin.com/company/cad-booster/,CAD Booster,Computer Software,Sole Proprietorship,"SOLIDWORKS, CAD, software, macros, add-ins, automation, C#",enschede
236,https://www.linkedin.com/company/chatkracht/,Chatkracht,Telecommunications,Privately Held,,hengelo
240,https://www.linkedin.com/company/helloclarity/,Clarity,Internet,Privately Held,,almelo
242,https://www.linkedin.com/company/clearmark-eu/,Clearmark.eu,Information Services,Privately Held,protective clothing,hengelo
246,https://www.linkedin.com/company/cloudmazing/,Cloudmazing,Information Technology & Services,Privately Held,"AWS, React, NodeJS, Serverless, PHP, Laravel, Tailwind, MySQL",goor
247,https://www.linkedin.com/company/cloudomotion/,Cloudomotion B.V.,Information Technology & Services,Partnership,,haaksbergen
248,https://www.linkedin.com/company/clubplanner/,ClubPlanner,Information Technology & Services,Privately Held,,hengelo
251,https://www.linkedin.com/company/co-flo/,Co-Flo Enterprise,Computer Software,Privately Held,"Legal Process Automation, Document Automation, Robotic Process Automation, BPM, Workflow, Legal Project Management, Employee Process Automation, Employee Management, Unified Workplace",hengelo
260,https://www.linkedin.com/company/codrs-b-v/,CODRS,Computer Software,Public Company,"Software Development, Angular, IONIC, Javascript, Typescript, Node.js, Loopback",oldenzaal
264,https://www.linkedin.com/company/coldtrick-it-solutions/,ColdTrick IT Solutions,Information Technology & Services,Privately Held,"software development, php, elgg, social networks",enschede
266,https://www.linkedin.com/company/combidesk/,Combidesk | Smart Software Integrations (API / iPaaS),Information Technology & Services,Privately Held,"Cloud Integrations, API Integrations, Software Integrations",enschede
269,https://www.linkedin.com/company/comfortstudio/,Comfort Studio Digital Development,Information Technology & Services,Sole Proprietorship,"WordPress Development, Internet of Things, Frontend Development, Koppelingen, Linux Engineering",borne
270,https://www.linkedin.com/company/comfortica-b-v-/,Comfortica,Information Technology & Services,Privately Held,"Domotica, Huisautomatisering, Thuisbioscopen & Home cinema, Netwerken / IT",enschede
272,https://www.linkedin.com/company/compad-software/,Compad Software,Computer Software,Sole Proprietorship,"Bakkerij software, Webshops, Vectron kassa, VectronSolution, eCommerce",enschede
284,https://www.linkedin.com/company/conneqt-com/,conneqt.,Computer Software,Privately Held,,enschede
287,https://www.linkedin.com/company/construsteel/,ConstruSteel | Steel fabrication software,Information Technology & Services,Privately Held,"ERP Business Software, CAD/CAM, NEN-EN 1090, finance, ERP software, job preparation, quality control, time management, planning, structural steel companies, quotation management, CRM, HRM, project management, ERP, cost estimating, CNC, CNC Scribing/Marking, MRP, effici",den ham
295,https://www.linkedin.com/company/coslo-computerservice-loohuis/,Coslo - Computerservice Loohuis,Information Technology & Services,Sole Proprietorship,,enschede
298,https://www.linkedin.com/company/co-peratieve-vereniging-dimpact/,coöperatieve vereniging Dimpact,Information Services,Nonprofit,"Zaaksysteem, Sociale zaken, Inkoop, Burgerzaken / Publiekszaken, Midoffice, Website en Intranet, Klant Contact Systeem, Digitaal loket, Implementatie ondersteuning, Kennisdeling, Dienstverlening, Hosting, Innovatie van de e-overheid, Contractmanageme",enschede
299,https://www.linkedin.com/company/cre8now/,CRE8NOW,Computer Software,Sole Proprietorship,"virtual reality, Unity, design, Unreal Engine",hengelo
302,https://www.linkedin.com/company/creativebastards/,creative bastards,Marketing & Advertising,Partnership,"Advertising, Graphic Design, Marketing, Design, Concepts, Webdesign",enschede
304,https://www.linkedin.com/company/creative-ict/,Creative CT - Growth Driven E-commerce,Internet,Public Company,"Magento webshops, Zoekmachine marketing, Maatwerk, magento 2, B2B online strategie, software development, Inbound marketing, marketing automation, ERP, PIM, Symfony, Sylius, B2b e-commerce, magento, SEO, e-commerce, UX, SEA, webshops",enschede
305,https://www.linkedin.com/company/883266/,Creative CT - Growth Driven E-commerce,Internet,Public Company,"Magento webshops, Zoekmachine marketing, Maatwerk, magento 2, B2B online strategie, software development, Inbound marketing, marketing automation, ERP, PIM, Symfony, Sylius, B2b e-commerce, magento, SEO, e-commerce, UX, SEA, webshops",enschede
308,https://www.linkedin.com/company/crolox-b.v./,Crolox B.V.,Computer Software,Privately Held,,hengelo
310,https://www.linkedin.com/company/crowned-future-b.v./,Crowned Future B.V.,Information Services,Privately Held,"Sales, Training, Seminars, Speakers, Marketing",ambt delden
312,https://www.linkedin.com/company/cryptocoinstart/,CryptocoinStart,Computer Networking,Public Company,"development, cryptocurrencies, blockchain, social networking, business management, ICO promotion, Smartcontract development, web development, software development",boekelo
313,https://www.linkedin.com/company/cubebv/,Cube,Internet,Privately Held,"Mobile app development, GIT, SASS, E-Commerce, Wordpress, Javascript, Frameworks, Web Design, Graphic Design, Silverstripe, Semantic Coding, Magento, Web Development, User Interface, Laravel, VueJS, MySQL, API, Mobile apps, Web apps, Multi sided platforms, SaaS",oldenzaal
323,https://www.linkedin.com/company/dat-verandert-de-zaak-nl/,Dat verandert de zaak,Information Technology & Services,Partnership,,vroomshoop
326,https://www.linkedin.com/company/data-access-europe-bv/,Data Access Europe B.V.,Computer Software,Privately Held,"Software DataFlex, Apps, Cloud, drone, Webdesign, Video, Motion Graphic, business intelligence DynamicAI, Website, UX design, Photography, Brochures, Icons, User Interface, Logo, Banners",hengelo
331,https://www.linkedin.com/company/data-kompas/,Data-Kompas,Information Services,Partnership,"Open Data, Data-driven decision making, Data combineren, Decision room",enschede
332,https://www.linkedin.com/company/datablue-computer-service/,DataBlue Computer Service,Information Technology & Services,Sole Proprietorship,Netwerkbeheer / Systeembeheer / Serverbeheer / Cloud diensten,hengelo
334,https://www.linkedin.com/company/datadone/,Datadone,Information Technology & Services,Privately Held,"data factory, datafactory, data warehouse, data verzamelen, data processing, data kwaliteit, datakwaliteit, data migration, datamigratie, data ontsluiten, data validatie, gestructureerde data, dataset, data, data verrijken",enter
335,https://www.linkedin.com/company/datastoinfra/,Datasto,Information Technology & Services,Partnership,"Smart Mobility, Infrastructuur, Data, Sensortechniek, Internet of Things, real estate, LoRa, Business development, Data development",almelo
336,https://www.linkedin.com/company/datavisual-it/,DataVisual,Information Technology & Services,Privately Held,"Cloud/ co-location, lokale IT & wifi-ondersteuning, Software ontwikkeling, websites/ webshops/ apps, Continuous Delivery, Saas Development, Linux, Microsoft Solutions, Microsoft365, Office365, Microsoft Azure",enter
338,https://www.linkedin.com/company/datazaken/,DataZaken,Information Technology & Services,Self-Employed,,wierden
344,https://www.linkedin.com/company/de-computerman-twente/,"De Computerman Twente - Reparaties, installaties & onderhoud",Information Technology & Services,Self-Employed,"software, hardware, aan huis, installaties",hengelo
354,https://www.linkedin.com/company/destudentenmakelaar/,De StudentenMakelaar,Information Services,Self-Employed,students,enschede
357,https://www.linkedin.com/company/de-it/,DE-IT,Information Technology & Services,Privately Held,,geesteren
359,https://www.linkedin.com/company/debesteadviseur/,DeBesteAdviseur,Information Services,Privately Held,"bewindvoering, mobiele telefonie, alles in 1, energie, budgetbeheer, financiele dienstverlening",enschede
367,https://www.linkedin.com/company/denko-domotica/,Denko Domotica,Information Technology & Services,Privately Held,"Domotica, KNX, Automatisering",oldenzaal
372,https://www.linkedin.com/company/dewebsitebouwer-nl/,deWebsitebouwer.nl,Information Technology & Services,Sole Proprietorship,"Webhosting, Design websites maken, SaaS (Software As A Service)",losser
376,https://www.linkedin.com/company/differit-b.v./,DifferIT B.V.,Information Technology & Services,Privately Held,"AFAS Software, projectmanagement, business consultancy, applicatiebeheer, zakelijke dienstverlening, culturele sector, implementatie, optimalisatie",hengelo
377,https://www.linkedin.com/company/digital-chef/,Digital Chef,Computer Software,Privately Held,"3D, 3D Food, CGI, CGF, Packshots, E-commerce, Foodindustry, Digital, Innovation , Computer Generated Food, 3D Advertising",enschede
381,https://www.linkedin.com/company/digiunit/,DigiUnit,Computer Software,Privately Held,,hengelo
384,https://www.linkedin.com/company/diritsoftware/,DirIT Software,Information Technology & Services,Sole Proprietorship,"Software, CRM, ERP, Bedrijfssoftware, Maatwerk Software, ICT, IT, Advies, Software op maat, Web applicaties, Mobiele applicaties, Apps",wierden
388,https://www.linkedin.com/company/docassist-b.v./,DocAssist B.V.,Information Technology & Services,Partnership,Document Management and Invoices Processing,enschede
389,https://www.linkedin.com/company/docbird/,Docbird,Computer Software,Privately Held,"Contractbeheer, Documentbeheer, Digitaal ondertekenen",enschede
390,https://www.linkedin.com/company/docdynamic-b-v-/,Docdynamic B.V.,Computer Software,Public Company,"DMS digitale dossiers, digitale archivering & workflows, Enterprise Content Management (ECM), DMS voor advocaten en notarissen",enschede
394,https://www.linkedin.com/company/docu-scan/,DocuScan,Information Technology & Services,Partnership,,enschede
397,https://www.linkedin.com/company/domoticagigant/,domoticaGIGANT,Information Technology & Services,Public Company,"Domotica, Gatgets, Z-Wave Alliance, Slim wonen, energie, beveiliging, smart homes, smart buildings, bouw, makelaardij, installatiewerk, installateur, FIBARO Home Intelligence, Z-Wave, ICT, smart homes, smart home, slim wonen, slimme woning, slim leven, IoT",enter
400,https://www.linkedin.com/company/doopcompany/,Doop,Marketing & Advertising,Privately Held,"strategy, creativity, design, technology, services, intelligence",enschede
402,https://www.linkedin.com/company/doornenbal-telecom-b.v./,Doornenbal Telecom & ICT,Information Technology & Services,Public Company,"IT, ICT, Audio, Video, Observatie, VoIP",nijverdal
406,https://www.linkedin.com/company/ductusbv/,Ductus b.v.,Information Technology & Services,Partnership,"Microsoft, .Net, SQL, Angular, enterprise architectuur, agile projectmanagement, disruptieve veranderingen, kwadrantenmodel, data ontvangst en data verwerking",enschede
418,https://www.linkedin.com/company/dysel/,Dysel,Computer Software,Privately Held,"Microsoft Dynamics NAV, CRM Software, Mining Equipment, Oilfield Equipment, Office 365, Real Time, Intergration , Host Cloud",hengelo
422,https://www.linkedin.com/company/eassy-denekamp/,EASSY,Information Technology & Services,Partnership,"Kostprijsberekening voor laboratoria, Dataverwerking, Controlling, Applicatieontwikkeling",denekamp
426,https://www.linkedin.com/company/easysee/,Easysee,Information Technology & Services,Privately Held,"Virtual Reality, 3D modelleren, Virtual Reality platform, Lopen in de virtuele wereld, (binnenhuis) architectuur, Augmented Reality, Mixed Reality, Serious Gaming, Software",hengelo
427,https://www.linkedin.com/company/easyweb-services/,EasyWeb Services,Information Technology & Services,Privately Held,"Linux / Windows Beheer, AutoCAD Development, ERP Projectmanagement / Implementaties, Webdesign, Cloudoplossingen",oldenzaal
429,https://www.linkedin.com/company/ecare-tcs/,Ecare TCS,Telecommunications,,,hengelo
432,https://www.linkedin.com/company/edcom-consultancy/,EDCOM Consultancy,Information Technology & Services,Privately Held,,ootmarsum
433,https://www.linkedin.com/company/edulab-roc-van-twente/,Edulab ROC van Twente,E-learning,Educational Institution,,hengelo
436,https://www.linkedin.com/company/een-programmeur/,Een Programmeur,Computer Software,Sole Proprietorship,"Java, C#, PHP, Javascript, Bootstrap, Jquery, HTML/CSS, Android, Big Data, Windows",hengelo
437,https://www.linkedin.com/company/eg-computer-specialisten/,EG Computer Specialisten,Information Technology & Services,Public Company,"ICT, Serveromgevingen, VoIP, Telefonie, Internet, Glasvezel, Printers, Beveiliging, Security, Camera's, Terra, Brother, Epson, G Data, Xelion, Ebode, Cloud, Onlinewerkplek, Computers, Laptops, Tablets, Windows, Website, Netwerk, Webdesign, Support, Delden",nijverdal
445,https://www.linkedin.com/company/elwe-special-promotions-b-v-/,Elwe Special Promotions B.V.,Marketing & Advertising,Public Company,"Co-packing, Fulfilment, Warehousing, Logistics, (Digital) Printing, Corrugated",enschede
446,https://www.linkedin.com/company/emagiz/,eMagiz,Information Technology & Services,Privately Held,"B2B integration, Mobile device integration, Cloud service integration, On-premise integration, Integration Lifecycle Management",enschede
453,https://www.linkedin.com/company/epos-bv/,Epos BV,Computer Software,Public Company,,enschede
463,https://www.linkedin.com/company/evidencio/,Evidencio,Information Technology & Services,Privately Held,"Medical Decision Support, Evidence Based Medicine, Medical App",haaksbergen
464,https://www.linkedin.com/company/evolution36/,Evolution36,Computer Software,Public Company,"Web platform development, Mobile app development, Software development",enschede
466,https://www.linkedin.com/company/exactlicentie/,Exactlicentie.nl | Exact licenties en Exact modules,Computer Software,Self-Employed,"Exact Globe, Exact Synergy Enterprise, Exact Online",denekamp
470,https://www.linkedin.com/company/exhera/,Exhera,Computer Software,Self-Employed,,almelo
471,https://www.linkedin.com/company/exocortex-bv/,Exocortex,Information Technology & Services,Privately Held,"tekstanalyse, artificial intelligence, customer experience, klantbeleving, supply chain, HRM, text mining, klantenservice, business intelligence",enschede
472,https://www.linkedin.com/company/exoware-tech-b-v/,Exoware Tech B.V.,Computer Software,Privately Held,,enschede
479,https://www.linkedin.com/company/eyeqlearning/,EyeQ,E-learning,Public Company,"Virtual reality, Virtual Reality learning, Virtual reality training, E-learning, VR",hengelo
483,https://www.linkedin.com/company/facilitor/,Facilitor - Improving FM Together,Information Technology & Services,Privately Held,"Inkoop, FMIS, IT Service Management, Service Management, Gebouwbeheer, e-Procurement, Facility Management Software",enschede
487,https://www.linkedin.com/company/fairlingo/,Fairlingo | Professional translations,Internet,Privately Held,"Zakelijke vertalingen, Marketing vertalingen, Website vertalingen, Webshop vertalingen, Juridische vertalingen, Technische vertalingen, Beëdigde vertalingen, Literaire vertalingen, Handleiding vertalingen, Medische vertalingen, Financiële vertalingen, Comme",enschede
488,https://www.linkedin.com/company/fak-nederland-b-v-/,FAK Software,Computer Software,Public Company,Software,enschede
489,https://www.linkedin.com/company/farmresult-b-v-/,FarmResult,Information Technology & Services,Public Company,"Cloud-based solutions, Real-time data, Management systems, Livestock farming, Bigdata, poultry, pigs, research, optimization, SaaS, agriculture",wierden
492,https://www.linkedin.com/company/fenalytics/,Fenalytics,Information Technology & Services,Self-Employed,"Business Intelligence, Power BI, Data Engineering, Datawarehousing, Business Intelligence Training, Data & Analytics Implementer, Artificial Intelligence, Data Science, Reporting, Dashboarding, Data Architectuur, Analytics",losser
493,https://www.linkedin.com/company/fiber-direct/,Fiber Direct,Telecommunications,Privately Held,"Glasvezel voor het MKB , Snel internet, Cloud, VoiP, Betaalbaar, Lokaal, Internet, Deventer, Apeldoorn, Zutphen",enschede
496,https://www.linkedin.com/company/figo-communications/,FIGO BV,Telecommunications,Privately Held,"Reliabele data communications, Sensor networks, Central management, Safe and secure, Internet of things",enschede
500,https://www.linkedin.com/company/fitview-group-b-v/,fitview group B.V.,Computer Software,Privately Held,,enschede
501,https://www.linkedin.com/company/fivano/,Fivano B.V.,Information Technology & Services,Partnership,,oldenzaal
502,https://www.linkedin.com/company/fledgesolutions/,Fledge Solutions,Computer Software,Public Company,"ERP software, Cloud, Metaalindustrie, Maakindustrie",enschede
505,https://www.linkedin.com/company/folders-nl/,Folders.nl,Online Media,Public Company,,oldenzaal
506,https://www.linkedin.com/company/forshops/,ForShops,Information Technology & Services,Privately Held,"webshops, webshop software, webshop marketing, webshop design",enschede
508,https://www.linkedin.com/company/four-it/,Four-IT B.V.,Information Technology & Services,Public Company,Detachering and Werving & selectie,almelo
509,https://www.linkedin.com/company/freaks-and-beards/,Freaks and Beards Innovation,Information Technology & Services,Privately Held,"Technology, Media, Consultancy",enschede
512,https://www.linkedin.com/company/front-end-expert/,Front End Expert B.V.,Information Technology & Services,Privately Held,,hellendoorn
514,https://www.linkedin.com/company/fundaments/,Fundaments - Expert in Clouds,Information Technology & Services,Public Company,"IaaS, Zerto Disaster Recovery, Virtual Datacenter (VDC), Network Connectivity, VMware vCloud, Veeam back-up and replication, Hybric Cloud solutions, Private Cloud solutions",enschede
519,https://www.linkedin.com/company/gebouwassistent/,GebouwAssistent - Software voor het beheer van veiligheidsaspecten in gebouwen,Computer Software,Public Company,"Asbest, Huisvesting, Brandveiligheid, Conditie, Energie, Proces",oldenzaal
520,https://www.linkedin.com/company/getacryp/,getAcryp,Information Technology & Services,Public Company,"blockchain, tangle, dag, smart contracts, cryptocurrency",almelo
521,https://www.linkedin.com/company/ghitechbv/,GHiTECH BV,Information Technology & Services,Privately Held,"Wireless Communication, Control Modules, Smart Sensors, Electronics, Hardware, Embedded Software, Certification, Battery Management, Cellboards, Embedded Linux, STORM, NFC, RFID",hengelo
526,https://www.linkedin.com/company/gladior/,Gladior,Internet,Privately Held,"Zoekmachine optimalisatie (SEO), Online adverteren, Linkedin Advertising, Web Analytics, Online Marketing, Conversie optimalisatie, Display advertising & RTB, Facebook Advertising, Google Adwords (SEA), Google Analytics, afas, Dashboarding, Digital marketing sca",enschede
529,https://www.linkedin.com/company/goincontrol/,GoInCtrl,Information Technology & Services,Self-Employed,,borne
530,https://www.linkedin.com/company/grafistore/,GrafiStore,Information Technology & Services,Partnership,"Enfocus Switch Automation, PDF Workflows, PHP (Symphony) Development, Senior Consultancy, Integration with MultiPress, Enfocus Switch App Development, HP Indigo Automation, pdfToolbox, Imposition, Development",almelo
532,https://www.linkedin.com/company/greatthings/,GreatThings,Internet,Sole Proprietorship,"Internet, App's, Online werken, Website, GreatThings",enschede
536,https://www.linkedin.com/company/groupsecure/,GroupSecure,Information Technology & Services,Privately Held,"Netwerkbeveiliging, Next generation Firewall, Anti-spam, Beveiliging mobiele telefoons, Enterprise Mobility, MDM, IT Security, Anti-malware, Encryptie, Secure E-mail, Antivirus, MAM, wireless, WIPS, IPS, cyberveiligheid, cyber security",almelo
537,https://www.linkedin.com/company/gsmpunt/,GSMpunt BV,Telecommunications,Public Company,Smartphone Accessories and Custom Telecom Solutions,almelo
550,https://www.linkedin.com/company/hardmountain/,HardMountain BV,Information Technology & Services,Partnership,,hengelo
555,https://www.linkedin.com/company/hcs-happyinnovation/,HCS - Happy Innovation,Information Technology & Services,Privately Held,"O365, SharePoint, Google, Education, B2B, SaaS, Audio Visueel, IT hardware, Domotica, Videoconferencing, Touchscreens, Narrowcasting, Content, Service, Knowledge, Innovation, kennisoverdracht, audiovisueel, lesgeven, digitaal lesgeven, werken in de cloud, leren in de clo",hengelo
556,https://www.linkedin.com/company/hdc-hengelo/,HDC Hengelo,Information Technology & Services,Privately Held,Digital Signage and Video-editing,hengelo
562,https://www.linkedin.com/company/hellonextnl/,HelloNext,Information Technology & Services,Privately Held,"SharePoint, Office 365, Microsoft 365, Microsoft Teams, OneDrive, Yammer, User Adoption, Adoption, Digital Workplace, Social Intranet, Workspace, Digitale Werkplek, Modern Workplace, Digital Transformation",hengelo
571,https://www.linkedin.com/company/hith/,Hith,Information Technology & Services,Privately Held,"Webdesign, IT Automatisering, Strategie, Webapplicaties, Magento koppeling met ACA, Webshop",haaksbergen
572,https://www.linkedin.com/company/hobbelink.it/,Hobbelink.IT,Information Technology & Services,Public Company,"Managed Service Provider, Kyocera Mita printer en multifunctionals, Microsoft Business Partner",hengelo
574,https://www.linkedin.com/company/hofstreek-omroep/,Hofstreek Omroep,Broadcast Media,Nonprofit,,goor
583,https://www.linkedin.com/company/hosterij/,Hosterij,Information Technology & Services,Privately Held,"Hosting, Consultancy, Security, Linux, VPS, Migraties, Projectmanagement, Problemen oplossen",hengelo
586,https://www.linkedin.com/company/huge-tree/,Huge Tree,Information Technology & Services,Sole Proprietorship,Webdesign and Web A,enter
588,https://www.linkedin.com/company/hba-lab/,Human Behavior Analytics Lab,Information Technology & Services,Public Company,"Human Machine Teaming, Brain Computer Interfaces, Neural-physiological-behavioral synchrony, Command & Control",hengelo
594,https://www.linkedin.com/company/i-lead-it-active-lead-generation/,i Lead-iT | Active Lead Generation,Information Services,,"leadgeneratie, nieuwe klantenwerving, klantenwerving, B2B leadgeneration, Kwalitatieve leadgeneratie, Nieuwe klanten werven, Online nieuwe klanten werven, Leads genereren, B2B leads, outbound lead generation services",enschede
595,https://www.linkedin.com/company/itension/,I'tension,Information Technology & Services,Privately Held,"Elektronisch Cliënten Dossier, Planning en facturatie, Huisstijl Management, Document generatie, Competentie management, Urenverwerking en loonstroken",enschede
597,https://www.linkedin.com/company/i-knowledge-verbindt-mens-proces-&-organisatie/,"I-Knowledge B.V, verbindt mens, proces & organisatie",Information Technology & Services,Privately Held,,glanerbrug
598,https://www.linkedin.com/company/interim-business-analyzing-specialists/,iBas,Information Technology & Services,Privately Held,"Software automation, Data analysis, Modelling, Inventory Management, Excel, VBA, SQL",enschede
615,https://www.linkedin.com/company/impact-op-onderwijs/,Impact! op Onderwijs,Computer Software,Privately Held,,hengelo
616,https://www.linkedin.com/company/getimpactful/,Impactful,Information Technology & Services,Public Company,,enschede
619,https://www.linkedin.com/company/incuro/,Incuro,Computer Software,Partnership,"Registreren, Delen, Analyseren, Werkzaamheden en controles in één systeem",enschede
621,https://www.linkedin.com/company/inextenzo/,Inextenzo B.V.,Marketing & Advertising,Privately Held,"Conversie-optimalisatie, Customer lifecycle, Growth hacking, Data driven marketing, Behavioral marketing, Marketing Automation, Customer journey, Online Marketing, Hubspot, Active Campaign, Sharpspring, Spotler, Customer experience, Klantreis, inbound marketing, Go",oldenzaal
624,https://www.linkedin.com/company/inform-diensten/,InForm Diensten,Information Technology & Services,Educational Institution,"Workshops veilig internet, Bankieren via de tablet, Maatwerk ICT training, iPad training voor senioren, Workshops over Facebook",deurningen
631,https://www.linkedin.com/company/innivo/,Innivo - Intelligent Building Solutions,Information Technology & Services,Privately Held,"Analyse, Big Data, Sofware ontwikkeling, Co-creatie",hengelo
632,https://www.linkedin.com/company/innobrixnl/,Innobrix,Computer Software,Public Company,"woningconfigurator, planconfigurator, woningdossier, bim-publisher, revit integratie, virtual reality, 3d geprinte woning",hengelo
633,https://www.linkedin.com/company/innodoctors/,InnoDoctors,Information Technology & Services,Privately Held,,enschede
636,https://www.linkedin.com/company/innovadis/,Innovadis BV,Information Technology & Services,Privately Held,"webshops, PIM oplossingen, concept en ontwerp, maatwerk applicaties, smart industry, ERP integratie, service portalen",enschede
637,https://www.linkedin.com/company/innovatief-online/,Innovatief Online,Information Technology & Services,Sole Proprietorship,,enter
638,https://www.linkedin.com/company/innovationsoft-bv/,Innovationsoft BV,Computer Software,Public Company,"cursusadministratie, cursusadministratie software, software, business software, crm, facturatie software, Kleding management software, KMS software, Bedrijfskleding software",wierden
640,https://www.linkedin.com/company/integrate-innovations/,Integrate Innovations,Information Technology & Services,Sole Proprietorship,,hengelo
642,https://www.linkedin.com/company/the-idiot-company/,Intelligent Data & Internet Of Things,Information Technology & Services,Public Company,,enschede
650,https://www.linkedin.com/company/ip-linq/,IP linq,Information Technology & Services,Sole Proprietorship,"ICT Solutions, Kyocera Document Solutions, Document Solutions, Sophos, Telecom Solutions, Webroot, ICT Infrastructuur, Office365, SuperMicro, Microsoft",hengelo
658,https://www.linkedin.com/company/it-aanspreekpunt/,IT aanspreekpunt,Information Technology & Services,Sole Proprietorship,"Computer onderhoud, computer beveiliging, computer advies, computer systeembeheer, implementatie, computer reparatie, PC Zorgeloos, Office365, IT Consultancy",enschede
659,https://www.linkedin.com/company/it-advies-mkb/,IT Advies MKB,Information Technology & Services,Privately Held,"Business Intelligence, Qlikview, Qlik Sense, .NET, IT Audit, IT Security, Angular, IT Management, ITIL, Microsoft SQL, Software Development, IT Consultancy, Logical Access Control, Change Mangement, Backup and Recovery",enschede
661,https://www.linkedin.com/company/it-risk-control/,IT Risk Control,Information Technology & Services,Privately Held,"Informatiemanagement, Projectmanagement, Risicomanagement, Continuïteitsmanagement, IT-beheer(organisatie, Kwaliteit en kostenbeheersing, Softwareselectie en implementatie, Contractonderhandelingen en mediation, IT Business Process Allignment.",hengelo
662,https://www.linkedin.com/company/rayan-it/,IT-bridge.nl (Rayan IT company),Information Technology & Services,Self-Employed,"IT advies, IT quick scan, Interim management, Projectleiding, ERP implementatie, IT programma management, Business consultancy, Verbeteren van processen, Coaching, Business analyse, IT management, ICT beleid, Business software, informatiemanagement, interfacing, IC",enschede
663,https://www.linkedin.com/company/it-fied/,IT-FIED,Information Technology & Services,Privately Held,"Microsoft Exchange 2003/2007/2010/2013, Lotus Notes Migrations, Groupwise Migrations, Outlook, Cloud solutions",enschede
664,https://www.linkedin.com/company/it-telcom/,IT-TELCOM,Information Technology & Services,Public Company,"Bellen zonder Centrale, Koppeling vaste telefoon en mobiele telefoon, Werkplek zonder Server, Pinnen,Bellen,Internet,Beveiliging voor de Retail, Camera bewaking zonder Server",hengelo
666,https://www.linkedin.com/company/itmundi/,Itmundi Internet,Internet,Public Company,,albergen
668,https://www.linkedin.com/company/itslearning-nederland/,itslearning Nederland,E-learning,Privately Held,"E-learning, Leerplatform, Elektronische leeromgeving, Onderwijs, Advies",enschede
669,https://www.linkedin.com/company/ivanwidyan/,Ivan Widyan,Computer Software,Sole Proprietorship,"Games, AR & VR, Mobile Applications",enschede
670,https://www.linkedin.com/company/ivelit/,ivelIT,Information Technology & Services,Self-Employed,,enschede
674,https://www.linkedin.com/company/jaartaakplanner/,JaartaakPlanner,Computer Software,Privately Held,,hengelo
677,https://www.linkedin.com/company/japans-restaurant-tao-b-v-/,Japans Restaurant TAO B.V.,Marketing & Advertising,,,enschede
679,https://www.linkedin.com/company/jbbh-webdesign/,JBBH Webdesign,Information Technology & Services,Self-Employed,"web design, web shops, responsive design, logo design",daarle
680,https://www.linkedin.com/company/jcc-software/,JCC Software,Information Technology & Services,Privately Held,"klantgeleiding, afrekenen, personeelsplanning, afspraken en reserveringen, digital signage, narrowcasting, customer flow management, payment automation, appointment and reservation planning, personnel planning, beeldschermcommunicatie, bezoekersgeleiding",oldenzaal
683,https://www.linkedin.com/company/jhb-designs/,JHB Designs,Computer Software,Sole Proprietorship,,almelo
686,https://www.linkedin.com/company/jobloxbv/,JoBlox,Computer Software,Privately Held,"Software, Maatwerk, Narrowcasting, Schaalbaarheidsoplossingen, Communicatie, PHP, SaaS, Organisatiescan, Innovatie, Talentontwikkeling",hengelo
698,https://www.linkedin.com/company/juict/,JUICT,Information Technology & Services,Privately Held,"Cloud, Systeembeheer, VoIP, Security",haaksbergen
700,https://www.linkedin.com/company/jwl-bi-services/,JWL BI Services,Information Technology & Services,Sole Proprietorship,"Tableau, Power BI, Business Intelligence",haaksbergen
703,https://www.linkedin.com/company/kafkar/,Kafkar,Information Technology & Services,Sole Proprietorship,,enschede
706,https://www.linkedin.com/company/keenondots/,Keenondots,Information Technology & Services,Privately Held,"Cloud Services, Managed Services, Cloud Platform, Integration Services",enschede
713,https://www.linkedin.com/company/kids-learning/,Kids Learning NL,Publishing,Privately Held,,goor
715,https://www.linkedin.com/company/kiek-uut/,Kiek uut!,Information Technology & Services,Self-Employed,,almelo
716,https://www.linkedin.com/company/kingpin/,Kingpin,Information Technology & Services,Privately Held,ERP specialist and straightforward solutions,enschede
719,https://www.linkedin.com/company/kodeanl/,Kodea,Information Technology & Services,Public Company,,enschede
721,https://www.linkedin.com/company/koopinjouwstad-nl/,KoopInJouwStad.nl,Internet,Partnership,,goor
722,https://www.linkedin.com/company/kostenbewaking-nl/,Kostenbewaking.nl,Computer Software,Partnership,,oldenzaal
725,https://www.linkedin.com/company/kreativ-software/,Kreativ Software,Computer Software,,,hengelo
727,https://www.linkedin.com/company/kroep-elektro-b-v-/,Kroep Elektro B.V.,Information Technology & Services,Privately Held,"Elektrotechniek, Verlichting (Led Expert) voor zowel binen als buiten, Brandmeldsystemen, Inspecties, Noodverlichting, Laadpalen en laadsystemen, Connected Lighting expert, Duurzame energiebronnen, Installatieontwerp, Energiemanagement",enschede
728,https://www.linkedin.com/company/l.s.o.-advies-&-leidingsystemen-twebo-systems/,L.S.O. Advies & Leidingsystemen | Twebo Systems,Computer Software,,,enschede
733,https://www.linkedin.com/company/lansink-it/,Lansink IT,Information Technology & Services,Sole Proprietorship,,haaksbergen
736,https://www.linkedin.com/company/theleadbase/,LeadBase,Marketing & Advertising,Sole Proprietorship,"Leadgeneration, Online, offline & telemarketing, Sales operations, Linkbuilding, SEO, Web Analytics, Strategic planning",enschede
741,https://www.linkedin.com/company/leo-de-leede-interim-service/,Leo de Leede | Interim Service,Information Technology & Services,Self-Employed,"Agile, Scrum, Kanban, Change Management, Incident Management, Team Management, Telecom, Mobile, RF Design & Optimization, Zakelijk tekenen",goor
743,https://www.linkedin.com/company/leqqr/,Leqqr,Computer Software,Privately Held,"Bestel apps, Bestel zuilen, Bestel websites",enschede
744,https://www.linkedin.com/company/lesscher-installatietechniek/,Lesscher Installatietechniek,Telecommunications,Privately Held,"Elektrotechniek, Sanitairtechniek, Warmtetechniek, Telecom en infra",saasveld
746,https://www.linkedin.com/company/2go-software/,Licentie2GO,Computer Software,Privately Held,"licenties, office, beveiligingssoftware, virtualisatie, zakelijk gebruik",almelo
750,https://www.linkedin.com/company/link2control-b-v-/,Link2Control BV,Computer Software,Privately Held,"Thema gerichte aanpak, Regievoering, Uitwisseling procesinformatie, Planning besteld vervoer, Triageren, Communicatie portaal participatie, Implementatie, Training, Procesanalyse, Effectmeting, Verbinding van domeinen, Digitale oplossingen, Multidiciplinaire",enschede
755,https://www.linkedin.com/company/webware-b-v--logic4/,Logic4 business software,Computer Software,Privately Held,"Bedrijfssoftware, E-Commerce / webwinkels, Website ontwikkeling, ERP, Boekhoudsoftware, Logistieke software, Voorraadbeheer software, Webshop platform",enschede
759,https://www.linkedin.com/company/loogisch-communicatie-en-beveiliging/,Loogisch,Telecommunications,Privately Held,"Tele- en datacommunications, Cloud, Access controle, Toegangscontrole, inbraaksignaleringssystemen, CCTV Closed Circuit Television, Loohuis Zorgconcept, Narrowcasting, Brandmeld- en ontruimingssystemen, Netwerken, Domotica en Security Management",fleringen
764,https://www.linkedin.com/company/luxcloud/,LuxCloud,Information Technology & Services,Privately Held,"More than 10 years of industry experience, Located in one of the most innovative Internet hubs of Europe, State of the Art Technology, Cloud, Cloud Services Broker Enablement, Cloud Services Brokerage, Premium cloud services, White label solutions, Cloud",hengelo
767,https://www.linkedin.com/company/m2m-blue-bv/,M2MBlue,Information Technology & Services,Privately Held,"M2M Communicatie, Partner netwerk, Smart hardware, IoT, Smart sensoring, Full MVNO, 24/7 controle & security, 2,3 and 4G, Superyachts, River Cruise , Automotive, Broadcast, Transport & Logistics, Rail, Satellite, Global connectivity",enschede
768,https://www.linkedin.com/company/madigo/,Madigo,Information Services,Self-Employed,,markelo
771,https://www.linkedin.com/company/mailflowr/,MailFlowr | Mailbox voor teams | Data in Europa | Prijs per mailbox | 2000+ tevreden klanten,Computer Software,Privately Held,,almelo
783,https://www.linkedin.com/company/mateq-solutions/,Mateq Solutions,Information Technology & Services,Privately Held,,vriezenveen
786,https://www.linkedin.com/company/mci-support/,MCi Support,Information Technology & Services,Self-Employed,,nijverdal
790,https://www.linkedin.com/company/mediafly-v.o.f/,MediaFly V.O.F,Computer Software,Public Company,"Website development, Webshop development, Web applicaties, Web design",enschede
793,https://www.linkedin.com/company/mediavisie-b.v./,Mediavisie B.V.,Internet,Educational Institution,"Online Communicatie, ICT-Specialisten, Internetcommunicatieadvies, Onderwijsdeskundig, Arbeidsmarktdeskundig, Software- en applicatieproducent",enschede
801,https://www.linkedin.com/company/metal-allies/,Metal-Allies,Information Technology & Services,Privately Held,,enschede
805,https://www.linkedin.com/company/mhr-twente-bpm/,MHR Twente BPM,Computer Software,Sole Proprietorship,"Exact - Sumatra - Elvy, Speedbooks, Hosting, Detachering",ootmarsum
806,https://www.linkedin.com/company/mid-almelo/,MID Almelo,Information Services,Self-Employed,"SCIOS, Gecertificeerd Inspectie- en Onderhoudsbedrijf, Advisering, Eerste of bijzondere inspectie, Periodieke inspectie, Periodiek onderhoud, Scope 1, Scope 2, Scope 5, Scope 7a, Keuring, EBI, PI, PO, Brandstoftoevoerleiding, Stookinstallatie, Wet, Wet Milieubeheer, I",wierden
808,https://www.linkedin.com/company/mijndip/,MijnDiP,Information Services,Public Company,Digitale visitekaart and Papierloos werken,oldenzaal
810,https://www.linkedin.com/company/mijnlieff-ict-consultancy-b-v-/,Mijnlieff ICT Consultancy B.V.,Information Technology & Services,Privately Held,,enschede
811,https://www.linkedin.com/company/mindhash/,Mindhash,Information Technology & Services,Privately Held,,hengelo
815,https://www.linkedin.com/company/mjcr-intrim/,MJCR Intrim BV,Information Technology & Services,Privately Held,,vroomshoop
819,https://www.linkedin.com/company/modor/,MODOR - Smart Systems,Information Technology & Services,Self-Employed,"sensor technology, LPWAN, supply chain innovation, transport monitoring, IOT, Industry 4.0, organizational improvements, beacons, remote monitoring, digitalization, ERP, quality improvement, Sigfox, LORA, Bluetooth, Warehouse management, real time location, GPS, GSM, P",vroomshoop
822,https://www.linkedin.com/company/moneybird/,Moneybird,Internet,Privately Held,"Moneybird is de eenvoudigste manier om online facturen te maken en versturen, Facturen versturen, Offertes versturen, Scan en herken, Boekhouden, Mobiele apps",enschede
823,https://www.linkedin.com/company/moonlight-multimedia/,Moonlight Multimedia,Computer Software,Privately Held,"Software development, Digital marketing, Hosting solutions, Press, Computer security, Mobile apps, Education",enschede
831,https://www.linkedin.com/company/mr-invent/,MR invent,Computer Software,Public Company,,hengelo
837,https://www.linkedin.com/company/multifiber/,multifiber B.V.,Internet,Privately Held,"Internet Service Provider, Televisie, Installatieservice, Gespecialiseerde technische hulp , klantenservice, Eigen TV platform, Telefonie, Apparatuur",hengelo
839,https://www.linkedin.com/company/muxe-bv/,MUXE BV,Internet,Privately Held,"Real Estate Marketing, Online Marketing, Blockchain Development, Software Development, Web Development",boekelo
840,https://www.linkedin.com/company/muziek-en-kunstwijs/,Muziek- en Kunstwijs,E-learning,Educational Institution,,enschede
842,https://www.linkedin.com/company/mybrand-center/,mybrand.center,Computer Software,Privately Held,brand management software for physical brand expressions,hengelo
845,https://www.linkedin.com/company/mydailyplanner-b.v./,MyDailyPlanner B.V.,Computer Software,Partnership,"Online Agenda, Klantenbeheer, Kassa & Facturatie, Marketingtools, Statistieken",enschede
847,https://www.linkedin.com/company/mywapp-b-v-/,MyWapp B.V.,Online Media,Public Company,"Social Media, Branche-nieuws, Vacatures, Aanbestedingen, Vraag & Aanbod, Onderling in- en uitlenen van personeel en materieel",oldenzaal
849,https://www.linkedin.com/company/nadius-solutions/,Nadius Solutions,Information Technology & Services,Partnership,"web development, UI/UX design, Logo creation, website consultancy, SEO, applications, mobile websites, social media, webshop design, wordpress, CMS, Front and back end, reports and insights",hengelo
850,https://www.linkedin.com/company/nape/,Nape,Computer Software,Self-Employed,"Sofware ontwikkeling en applicatiearchitectuur, C#, SQL Server, WPF, WCF, ASP.NET",hengelo
851,https://www.linkedin.com/company/naris/,Naris,Computer Software,Privately Held,"(Integraal-) Risicomanagement, Compliance, GRC Software, Governance, Performance, COSO, ISO 31000, RISMAN, Training, Coaching, NARIS GRC®, Opleiding, Audit, ISO 9001, Strategie, AVG , GDPR, Control, Risk Appettite",enschede
854,https://www.linkedin.com/company/nederland-inn/,Nederland Inn,Computer Software,Public Company,"Webdesign & Development, Applications for smartphones and tablets, Webshops, Social Media Marketing",hengelo
857,https://www.linkedin.com/company/nerdlab.nl/,Nerdlab,Information Technology & Services,Sole Proprietorship,Webapplicatieontwikkeling,enschede
858,https://www.linkedin.com/company/nerds-&-company/,Nerds & Company,Information Technology & Services,Privately Held,"Interaction Design, Web Development, App Design, App Development, Software Testing, UX Consultancy, Digital Design Strategy, Interface Design, Front-end Development, Back-end Development, Technisch Projectmanagement, Product Ownership",enschede
863,https://www.linkedin.com/company/new-aspect-bv/,New Aspect BV,Telecommunications,Privately Held,"Groothandel, Mobiele accessoires, Service, Telecom accessoires, accessoires, distributeur",hengelo
864,https://www.linkedin.com/company/new-media-search-marketing-b.v./,New-Media,Marketing & Advertising,Privately Held,"Search Insights, Visitor Insights, Customer Insights, Online Marketing Strategy, Zoekmachine Advertising, Zoekmachine Optimalisatie, Conversie optimalisatie, User Experience Design, Webanalytics, Kanaal- en contentstrategie, Content marketing strategie",hengelo
868,https://www.linkedin.com/company/con-systems/,NewTon Software Nederland BV,Computer Software,Privately Held,,almelo
870,https://www.linkedin.com/company/nextselect/,NextSelect,Information Technology & Services,Sole Proprietorship,"Softwareontwikkeling, Enterprise Resource Planning (ERP), Customer Relationship Management (CRM), Maatwerk web-applicaties",enschede
871,https://www.linkedin.com/company/nexusz-com/,NexusZ,Information Technology & Services,Public Company,,hengelo
874,https://www.linkedin.com/company/nilesnl/,Niles,Information Technology & Services,Privately Held,"Domotica installatie, Internet of Things, Smart home services, Energiebesparing, Energiemonitoring, Smart home producten, Domotica, Proptech, Property data, Huisautomatisering, Home automation, Energy saving",enschede
875,https://www.linkedin.com/company/niles-smart-home-services/,Niles | Smart Home Services,Information Technology & Services,Public Company,"Home automation, Domotica, Energy saving, Security",enschede
876,https://www.linkedin.com/company/niveo-b-v-/,NIVEO,E-learning,Privately Held,"e-learning, competentie management, BHV",hengelo
886,https://www.linkedin.com/company/1934026/,Nubium B.V.,Internet,Privately Held,"internet, websites, internet, online marketing, web, webapplications, online strategie, digitale marketing, online formulieren, digitale formulieren",enschede
890,https://www.linkedin.com/company/obaia/,Obaia webdevelopment,Information Technology & Services,Public Company,"Webdevelopment, Webdesign, Craft CMS, Webapplicaties, Websites, Craft CMS, Webshop, API",hengelo
892,https://www.linkedin.com/company/ods2com/,ODS2,Computer Software,Privately Held,,hengelo
896,https://www.linkedin.com/company/offus.nl/,Offus.nl,Information Services,Sole Proprietorship,"Office Support, VA, Administratie, Secretariaat, Communicatie, Social Media, PA, Redigeren, Teksten schrijven, Bloggen, Website, Nieuwsbrieven, Transcriptie, Notuleren, Huisstijl",borne
902,https://www.linkedin.com/company/omnishop/,Omni-Shop,Information Technology & Services,Sole Proprietorship,"Entrepreneurship, Hosting, Prestashop, E-commerce, Research and Development, Research and development, design, machine building, Manufacturing",hengelo
904,https://www.linkedin.com/company/omroep-almelo/,Omroep Almelo,Broadcast Media,Nonprofit,"omroep, radio, televisie, nieuws, website, broadcast",almelo
908,https://www.linkedin.com/company/onmeunig-datavisualisatie/,Onmeunig Datavisualisatie,Information Technology & Services,Self-Employed,"Datavisualisatie, Reporting, Data warehousing, SalesForce.com, Data modeling, Project Management, Visual Management, Dashboards, IT-dienstverlening, Data management, Rapportages, Dashboards, Business Intelligence",wierden
909,https://www.linkedin.com/company/ons-ict-b-v-/,ONS ICT B.V.,Information Technology & Services,Self-Employed,,boekelo
911,https://www.linkedin.com/company/oostkracht/,Oostkracht,Computer Software,Self-Employed,"Exact Synergy Enterprise, Exact Globe, Proces analyse, Proces optimalisatie, Exact Online, Maatwerk, Koppelingen, Document Scanning, Elvy IFR",denekamp
915,https://www.linkedin.com/company/orbis-volumetrics/,Orbis Volumetrics,Information Technology & Services,Partnership,"Holographic Technology, Augmented Reality, 3D Technology, 3D Screens",enschede
918,https://www.linkedin.com/company/ovsoftware-groep-b.v./,OVSoftware Groep B.V.,Information Services,Privately Held,"Software Development, SAAS products, Software Products, IT Staffing, IT Projects",enschede
920,https://www.linkedin.com/company/oxilion-b.v./,Oxilion B.V.,Information Technology & Services,Privately Held,"Managed Hosting, Care free, Enterprise, Lunch & Learn, Control centers, Persoonlijk contact, Hoogwaardige kwaliteit, Webhosting, Nuchtere aanpak",enschede
925,https://www.linkedin.com/company/partell-nl/,Partell,Telecommunications,Privately Held,"Telefonie, Internet, Tv, Mobiele telefonie",enschede
930,https://www.linkedin.com/company/pccentral-nederland/,PCCentral Nederland,Information Technology & Services,Sole Proprietorship,"Remote desktop, Systembeheer, Serverhosting, Datastorage, Webhosting, VPS, PublicCloud, PrivateCloud, HybridCloud, ICTBeheer, InfraBeheer, Netwerkbeheer, ansible, Linux, Mailservers, Docker hosting, Wifi",enschede
936,https://www.linkedin.com/company/perrit/,Perrit BV,Information Technology & Services,Public Company,"SaaS Publishing, Cloud Services, Service Management Automation, Software as a Service (SaaS), Software Product Marketing, Microsoft Dynamics NAV, Microsoft Dynamics AX, Microsoft Dynamics CRM, Microsoft SharePoint Server Enterprise, Microsoft EPM, Plesk, WHMCS, ",hengelo
938,https://www.linkedin.com/company/pescheck/,PESCHECK®,Information Technology & Services,Privately Held,"Background screening, Pre Employment Screening, HR Risk Management, eHRM, KYC, Wwft, In-Employment Screening, International Screening, Tenant Screening",enschede
940,https://www.linkedin.com/company/photonicsnl/,PhotonicsNL,Information Technology & Services,Nonprofit,"Photonics, Optics, Integrated photonics, Biophotonics",enschede
950,https://www.linkedin.com/company/portal-for-business/,Portal for Business B.V.,Information Technology & Services,Privately Held,"SharePoint, Office 365, Microsoft Azure, Power BI, Mobile Device Management, Microsoft 365, Microsoft Flow, Microsoft Intune",borne
951,https://www.linkedin.com/company/posdata-nederland/,POSdata Nederland,Information Technology & Services,Sole Proprietorship,"Barcodeteckniek, Winkelautomatisering, labelprinting, verbruiksgoederen",nijverdal
953,https://www.linkedin.com/company/postitief/,Postitief,Information Technology & Services,Self-Employed,,vriezenveen
955,https://www.linkedin.com/company/pragmatis-nl/,Pragmatis,Information Technology & Services,Self-Employed,"Informatiebeveiliging, Cyber, Security, Information Security Officer, Architecture, Operational Technology, Information Technology, Cloud, SCADA, IoT",hengelo
957,https://www.linkedin.com/company/presentation-products/,Presentation Products,Marketing & Advertising,Privately Held,,enschede
961,https://www.linkedin.com/company/prioapps/,PrioApps,Computer Software,Privately Held,,enschede
963,https://www.linkedin.com/company/pro-skool-international/,Pro-Skool International B.V.,Computer Software,Privately Held,,markelo
964,https://www.linkedin.com/company/procesmatch/,ProcesMatch,Information Technology & Services,Partnership,,goor
966,https://www.linkedin.com/company/profitbird/,profitbird,Information Technology & Services,Privately Held,,enschede
971,https://www.linkedin.com/company/promoshoponline-nl/,PromoShopOnline.nl,Marketing & Advertising,Privately Held,"Relatiegeschenken, Promotieartikelen, Kerstgeschenken, Kerstpakketten",hengelo
976,https://www.linkedin.com/company/pss-b-v-/,PSS B.V.,Information Technology & Services,Privately Held,"Microsoft 365, Werkplekbeheer, Helpdesk & support, Skype for Business, Microsoft Teams",almelo
980,https://www.linkedin.com/company/qebble/,qebble - powered by EXPRO,Telecommunications,Privately Held,"Vaste telefonie (VoIP), Mobiele telefonie, Internet, Unified Communications (UC), Cloud, webshop",hengelo
984,https://www.linkedin.com/company/qookqook-bv/,QookQook,Information Technology & Services,Privately Held,,hengelo
992,https://www.linkedin.com/company/questra/,Questra,Information Technology & Services,Privately Held,"Business Development, Sales, Marketing, Venture capital, lean startup, growth hacking, customer development, entrepreneurship",oldenzaal
996,https://www.linkedin.com/company/quirex-bv/,Quirex BV,Computer Software,Privately Held,"Delphi, MySQL, php, javascript",enschede
997,https://www.linkedin.com/company/radio-hengelo-tv/,Radio Hengelo TV,Broadcast Media,Nonprofit,"Lokaal en regionaal online nieuws & actualiteiten Hengelo en Twente, Lokale en regionale radio Hengelo en Twente, Lokale en regionale televisie Hengelo en Twente, Lokale politiek Hengelo, Interactie Hengelo",hengelo
1001,https://www.linkedin.com/company/rdit/,RDIT,Information Technology & Services,Privately Held,"IT projecten, IT advies, IT migraties, Installaties",enter
1002,https://www.linkedin.com/company/re-datasolutions/,Re-data Solutions,Information Technology & Services,Educational Institution,,borne
1004,https://www.linkedin.com/company/rebelblue/,RebelBlue B.V.,Computer Software,Sole Proprietorship,,hengelo
1005,https://www.linkedin.com/company/recognize/,RECOGNIZE,Computer Software,Privately Held,"Web / Mobiele applicaties, Virtual & Augmented Reality, Internet of Things, Digital Transformation , Recognize Platform, Engineering , Software Design & Development, Innovation , Application Development, Strategy , Experience design, Systems Integration, Dig",almelo
1007,https://www.linkedin.com/company/recreatesolutions/,Recreate B.V.,Information Technology & Services,Privately Held,"Software Engineering, Business Development, Virtual Reality, Augmented Reality, Apps, Websites, Microsoft Hololens",rijssen
1008,https://www.linkedin.com/company/redable/,Redable,Information Technology & Services,Public Company,"E-Business, E-Seller, ICT, E-tailer, Notebooks, Tablets, Desktop PC's, Workstations, Smartphones, Software, Printers, Television, Public displays, HP Partner, Dell Partner, Microsoft Partner",hengelo
1009,https://www.linkedin.com/company/refunder/,Refunder,Marketing & Advertising,Public Company,"Refundacties, Winacties, Spaarprogramma, Geld-terug-acties",enschede
1011,https://www.linkedin.com/company/reklatekst/,Reklatekst - De juiste herkenning!,Marketing & Advertising,Public Company,"Signing, Lichtreclame, Gevelreclame, Bewegwijzering, Instore, Exterieur, Huisstijlwijzigingen, Rebranding, Formulestyling",hengelo
1019,https://www.linkedin.com/company/resolit/,Resolit B.V.,Information Technology & Services,Privately Held,"Azure Services, Dynamics 365 Sales, Dynamics 365 Business Central, Dynamics 365 Costumer Services, Power BI, Koppelingen tussen apps, Dynamics 365 Project Service Automation, Dynamics 365 Portal, Office 365, Costumer Support, Projectbeheer, Partijvoorraad, Relat",hengelo
1020,https://www.linkedin.com/company/rest-one/,Rest-One,Information Technology & Services,Sole Proprietorship,"Laravel, MySQL, Apache, Nginx, PHP, C#, Elasticsearch, Elastic, Kibana, Beats, APM, Logstash",enschede
1022,https://www.linkedin.com/company/rev-four/,REV4 Data Science RPO by A.I.,Information Technology & Services,Public Company,"recruitment, data science, data analytics, digital marketing, training, education, recruitment marketing, employer branding, artificial intelligence, recruitment process outsourcing, recruitment process automation, software development",enschede
1023,https://www.linkedin.com/company/reynard-corp/,Reynard,Information Technology & Services,Privately Held,Project management IT and Programma management IT,enschede
1029,https://www.linkedin.com/company/rits-consultancy/,Rits Consultancy,Information Technology & Services,Self-Employed,"DataMigratie, Data Integratie, Output Management, SQL Server , AX2012 - BIS, Advanced Forms Specialist",enschede
1032,https://www.linkedin.com/company/road-2-bi/,Road 2 BI B.V.,Information Services,Privately Held,"Business Intelligence, Management informatie, Stuurinformatie, Dashboard, IT Advies, Business Proces optimalisatie",hengevelde
1043,https://www.linkedin.com/company/roviz/,Roviz,Information Technology & Services,,,enschede
1052,https://www.linkedin.com/company/ruvano/,Ruvano Document Solutions B.V.,Information Technology & Services,Privately Held,"Printer oplossingen, Plot oplossingen, Toners, scanoplossingen, Kyocera, Beveiligd printen, Follow me printing, scannen naar Modality, scannen naar Afas, scannen naar OneDrive, documentstromen, labelprinters, Multifunctionals, Workflow, onderhoud en reparatie, koop",almelo
1056,https://www.linkedin.com/company/s-a-syntaxis/,S.V. Syntaxis,Computer Software,Public Company,,enschede
1058,https://www.linkedin.com/company/safety-software-solutions/,Safety Software Solutions,Computer Software,Public Company,"ERP, CRM, Development, Sofware, Mobiele oplossing, Totaaloplossing, Safety Suite, Consultancy",oldenzaal
1061,https://www.linkedin.com/company/feite-bakker-sales-as-a-service/,Sales As A Service ICT& Healthcare,Information Technology & Services,Self-Employed,,hengelo
1062,https://www.linkedin.com/company/salesdock-nl/,Salesdock,Information Technology & Services,Privately Held,"sales, omnichannel, crm, callcenter",enschede
1064,https://www.linkedin.com/company/saleshelden/,Saleshelden,Marketing & Advertising,Public Company,Account Based Sales,enschede
1081,https://www.linkedin.com/company/sellabees/,Sellabees,Marketing & Advertising,Privately Held,Google optimalisatie and Facebook adverteren,hengelo
1084,https://www.linkedin.com/company/senza-mobile/,Senza Mobile,Telecommunications,,smartphonehoesjes,hengelo
1086,https://www.linkedin.com/company/service4it/,SERVICE4IT,Computer Software,Partnership,,goor
1089,https://www.linkedin.com/company/sf-dynamics-consultancy/,SF Dynamics Consultancy,Information Technology & Services,Self-Employed,,markelo
1090,https://www.linkedin.com/company/shallb/,ShallB,Computer Software,Sole Proprietorship,,oldenzaal
1091,https://www.linkedin.com/company/sheetwisenl/,Sheetwise,Information Technology & Services,Self-Employed,,enschede
1097,https://www.linkedin.com/company/sider-bv/,"SIDER ICT - Almelo, Enschede, Hengelo",Information Technology & Services,Privately Held,"systeembeheer, netwerkbeheer, ict, automatisering",hengelo
1099,https://www.linkedin.com/company/signpost-bv/,Signpost BV,Marketing & Advertising,Privately Held,,oldenzaal
1101,https://www.linkedin.com/company/simplylogic/,Simplylogic Solutions,Information Technology & Services,Privately Held,,geesteren
1102,https://www.linkedin.com/company/sir-communicatieparticipatie/,SIR communicatie & participatie,E-learning,Privately Held,"Communicatieadvies (extern en intern), Positionering, Identiteit en imago, Arbeidsmarktcommunicatie, Gebieds- en citymarketing, Huisstijltrajecten, Marketingcommunicatie, Communicatiemiddelen realisatie, Publieke communicatie, Overheidscommunicatie, ",enschede
1105,https://www.linkedin.com/company/skrypt-nl/,Skrypt,Information Technology & Services,Sole Proprietorship,"Websites, Brand design, Web development, Laravel, HTML, CSS, Wordpress, Branding, Javascript, Applications, App development, Webdesign, Logos, Drukwerk design",geesteren
1107,https://www.linkedin.com/company/skylusive/,Skylusive,Information Technology & Services,Sole Proprietorship,"Webdesign, Branding, IT-consultancy, Search Engine Optimization, Social Media Optimization",enschede
1108,https://www.linkedin.com/company/slagbijalmelo/,slagbijalmelo,Marketing & Advertising,Privately Held,"branding, marketing, design, web development, communication, brand strategy, creativity and ideas, advertising",almelo
1112,https://www.linkedin.com/company/smart-af/,Smart A.F.,Information Technology & Services,Privately Held,"Research & Development, Internet of Things, Serious Gaming, ICT, Web/App Development, Social Innovation Lab, Re-integratie, UX/UI Design, Cybersecurity, Home Automation, Social Enterprise",hengelo
1113,https://www.linkedin.com/company/srtnl/,Smart Region Twente,Information Technology & Services,Nonprofit,,enschede
1122,https://www.linkedin.com/company/smilo-platform-bv/,Smilo Platform BV,Internet,Public Company,"Blockchain, Security, Privacy, Dapps, Encryption",almelo
1123,https://www.linkedin.com/company/smoothpublish/,Smooth Publish,Computer Software,Privately Held,,enschede
1124,https://www.linkedin.com/company/sobware-b.v./,Sobware B.V.,Information Technology & Services,Privately Held,Project management and ICT Consulting,hengelo
1127,https://www.linkedin.com/company/software-reseller.biz/,Software Reseller,Computer Software,Privately Held,Software oplossingen,almelo
1130,https://www.linkedin.com/company/softwarevoorjou-nl/,Softwarevoorjou.nl,Computer Software,Privately Held,"Bedrijfsprocessen, Webapplications, Scalable cloud platforms, Angular JS, ICT, Software ontwikkeling, React, React Native, App ontwikkeling",hengelo
1138,https://www.linkedin.com/company/sortify-data-driven-business/,Sortify,Information Technology & Services,Privately Held,"Data, Data analyse, Machine Learning, AI, Artificial Intelligence, Consultancy, Data advies",enschede
1139,https://www.linkedin.com/company/sov-concept-en-vormgeving/,SOV concept en vormgeving (concept and design),Marketing & Advertising,Privately Held,"brand building, corporate identity, packaging design, graphic design, usability testing, interaction design, webdesign, merkstrategie",losser
1140,https://www.linkedin.com/company/space53/,Space53,Information Technology & Services,Partnership,"unmanned systems, drones, testing, safety & security",enschede
1151,https://www.linkedin.com/company/sprintto/,Sprintto,Information Technology & Services,Privately Held,,almelo
1154,https://www.linkedin.com/company/squal-media-b-v-/,SQUAL Media B.V.,Internet,Privately Held,Online Marketing en Communicatie,enschede
1161,https://www.linkedin.com/company/starsale/,Starsale,Internet,Privately Held,"web, content management, cms, intranet, website, mobile, apps, facebook, social media, youtube, video, wokshop social media",hengelo
1166,https://www.linkedin.com/company/twente47/,Stichting Twente47- IoT Accelerator,Information Technology & Services,Nonprofit,,enschede
1171,https://www.linkedin.com/company/stok-ict/,Stok ICT,Information Technology & Services,Sole Proprietorship,"WiFi, Camera, Netwerk, Computers, Laptops, Draadloos, Computerreparatie, Laptopreparatie, ICT, Computer, Laptop, Beveiligingscamera, Computerbeveiliging, Antivirus, Microsoft 365, Back-up oplossingen, Telefonie (VoIP)",markelo
1173,https://www.linkedin.com/company/stratech/,Stratech,Computer Software,Privately Held,"Standaard software, Logistiek & Industrie, Sociaal Financieel, Recreatie, Automatisering, IT",enschede
1174,https://www.linkedin.com/company/574578/,Stratech,Computer Software,Privately Held,"Standaard software, Logistiek & Industrie, Sociaal Financieel, Recreatie, Automatisering, IT",enschede
1180,https://www.linkedin.com/company/strype-bv/,Strype,Computer Software,Privately Held,"Software Development, Mobile Development, Ionic, Angular, API Development, App Development, Complex Problems, Creative Problem Solving",enschede
1185,https://www.linkedin.com/company/study-tour-fuente/,Study Tour Fuente,Information Technology & Services,Self-Employed,,enschede
1186,https://www.linkedin.com/company/studyspacenl/,Studyspace,Computer Software,Sole Proprietorship,,tubbergen
1192,https://www.linkedin.com/company/swap-ict/,Swap-ICT,Computer Software,Public Company,,enschede
1202,https://www.linkedin.com/company/tagoncenl/,TagOnceNL,Information Technology & Services,,Smart Key Tags | Smart Luggage Tags | Smart Safety Tags | Smart Child Tags | Smart Pet Tags,enschede
1205,https://www.linkedin.com/company/tamer-group-tr/,Tamer Digital Group,Information Technology & Services,Sole Proprietorship,"Digital Marketing, WebDesign, Social Media, Big Data, SaaS , App Development, Web development, Consulting, Online Marketing, SEO, SEA, software, development, partnership, software ontwikkeling",nijverdal
1206,https://www.linkedin.com/company/tapifycard/,Tapify,Information Technology & Services,Sole Proprietorship,,vriezenveen
1207,https://www.linkedin.com/company/taurus-automatisering/,Taurus Automatisering / IT,Computer Networking,Public Company,"Microsoft, Trend Micro, HP, Lenovo, Networking, Voip",borne
1210,https://www.linkedin.com/company/team-sigma-bv/,Team Sigma BV,Computer Software,,,enschede
1211,https://www.linkedin.com/company/teamcreative/,TeamCreative,Marketing & Advertising,Public Company,"creatieve marketing, websites - webshops, huisstijlen, grafisch ontwerp, internet marketing, video, fotografie, brochures - magazines - folders, zoekmachine optimalisatie, webhosting, e-mail marketing, online marketing, design, marketingstrategie, animatie, exp",almelo
1212,https://www.linkedin.com/company/teamtracker-eu/,Teamtracker,Computer Software,Partnership,"Software, Time Registration, Desktop App, Timesheet Management",enschede
1215,https://www.linkedin.com/company/tech2max/,Tech2Max - Professional Audio & Video,Information Technology & Services,Privately Held,High-End Audiovisual Systems and System Implementations,de lutte
1219,https://www.linkedin.com/company/techspreadnl/,Techspread - Technische data(bronnen) commercieel inzetten,Information Technology & Services,Privately Held,"bedrijfsproces, data consultancy, data gedreven, data intelligence, data",enschede
1222,https://www.linkedin.com/company/telecats/,Telecats,Information Technology & Services,Privately Held,"voicebot, speech technology, artificial intelligence, spraakherkenning, spraaktechnologie, conversational voice, customer service solutions",enschede
1226,https://www.linkedin.com/company/telecom-services-b-v-/,Telecom Services,Telecommunications,Privately Held,"VoIP, Telecom, Cloud, Vastmobiel, Zorgdomotica, Zorgtelefonie, IP-DECT, VoWiFi, Unified Communications, SIP-trunk, Verbindingen, Netwerken",almelo
1229,https://www.linkedin.com/company/terbruggeconsult/,TerBruggeConsult,Information Technology & Services,Educational Institution,"Het destilleren van systeem- informatie, De 'gulden snede' van mens en macro-economie., reflexiviteit en 'timing', Mindfullness & Self-reflectivity., contraire en holistische analyses",ootmarsum
1230,https://www.linkedin.com/company/thats-it-automatisering/,Thats IT Automatisering,Information Technology & Services,Public Company,,bornerbroek
1231,https://www.linkedin.com/company/the-backbone/,The Backbone,Information Technology & Services,Privately Held,"Data Solutions, SCOM training, Development en delivery of Management Packs, Chain monitoring, Reporting, Dashboards, End-User Performance, Azure Monitor, SCOM, End-User Monitoring",hengelo
1237,https://www.linkedin.com/company/thelagom-group/,The Lagom Group,Information Services,Privately Held,"Social Enterprise, Denkkracht, Creatief Denken, SROI, Data research, Data Analyse, Data Science, Business Information, AI, Discrete Simulatie, Complexe puzzels, Textmining, Business Intelligence, BI, Dashboards",enschede
1239,https://www.linkedin.com/company/science-circle/,The Science Circle,E-learning,Educational Institution,"Science, Education, Think tank, Network, E-Learning, Open Source, International, Non Governmental Organisation",almelo
1245,https://www.linkedin.com/company/thijsoft/,Thijsoft ICT professionals,Information Services,Privately Held,"ICT Dienstverlener, VOIP, Thuiswerken, Beveiliging netwerken, LED Walls, Systeembeheer, ICT Consultancy",oldenzaal
1254,https://www.linkedin.com/company/tinotech/,Tinotech,Information Technology & Services,Privately Held,"Software Development, App / Web Development, System Integration, Sales of IT Solutions",enschede
1267,https://www.linkedin.com/company/wayforward/,Transformation & Ko B.V.,Information Technology & Services,Privately Held,"Agile Transitie, Agile Coaching, Scrum, Kanban, LeSS, SAFE, Training",de lutte
1268,https://www.linkedin.com/company/trace-health/,Transformational Consulting in eHealth,Information Technology & Services,Self-Employed,"Consulting, Health Informatics, Standards, Interoperability, Collaboration",goor
1271,https://www.linkedin.com/company/trendata-real-life-market-analytics%E2%84%A2/,Trendata - Anticipate trends before they're trending,Marketing & Advertising,Privately Held,"Big Data, Marketing, Consumer data, Real Life Marketing, Analytics, Data Driven",hengelo
1272,https://www.linkedin.com/company/trendata---real-life-market-insights/,Trendata - Real Life Market Insights,Marketing & Advertising,,,enschede
1273,https://www.linkedin.com/company/trent-glasvezel/,TReNT Glasvezel,Telecommunications,Nonprofit,Dark fiber,enschede
1277,https://www.linkedin.com/company/trimm/,TRIMM,Internet,Privately Held,"Digital business development, Webshops, Webportals, Mobile, Websites, Hosting acceleration, Webapplicaties, Webdesign, Digital Strategy",enschede
1279,https://www.linkedin.com/company/trino-creative-innovations/,Trino Creative Innovations,Internet,Sole Proprietorship,,oldenzaal
1287,https://www.linkedin.com/company/tuffel/,Tuffel,Information Technology & Services,Privately Held,"Refurbished Mac / Apple, Verkoop Apple computers, Reparatie iPhone, iPad & Apple computers",almelo
1290,https://www.linkedin.com/company/tv-enschede-fm/,TV Enschede FM,Broadcast Media,Nonprofit,"Nieuws, Televisie, Opleiding, Vrijwilligers, Internet, Social Media, Radio, Enschede, Stagaires, Journalistiek",enschede
1292,https://www.linkedin.com/company/tweddo/,Tweddo,Computer Software,Public Company,"batch photo editor, resize, convert, watermark, enhancement, restoration",haarle
1297,https://www.linkedin.com/company/twenteconnect/,TwenteConnect B.V.,Information Technology & Services,Self-Employed,,hengelo
1307,https://www.linkedin.com/company/unity-bi/,Unity BI,Information Technology & Services,Public Company,Business Intelligence and Microsoft Dynamics AX,hengelo
1312,https://www.linkedin.com/company/uptodate-digitale-bedrijfsvoering/,Uptodate Digitale Bedrijfsvoering,Information Technology & Services,Privately Held,,hengelo
1324,https://www.linkedin.com/company/van-deinse-media/,Van Deinse Media,Publishing,Self-Employed,"Uitgeven van magazines en brochures, Huisstijl- en webdesign, Evenementenorganisatie, Media-advies en begeleiding",enschede
1330,https://www.linkedin.com/company/vazqueznl/,Vazquez,Marketing & Advertising,Public Company,"Strategie, Ontwerp, Ontwikkeling, Marketing",enschede
1341,https://www.linkedin.com/company/vidinexus/,VidiNexus,Information Technology & Services,Privately Held,"software development, interaction design, software architecture, public screens, social media, product design, platform development",hengelo
1343,https://www.linkedin.com/company/virtualpaint%C2%AE/,VirtualPaint®,Computer Software,Privately Held,,hengelo
1348,https://www.linkedin.com/company/voicedata-b-v-/,Voicedata B.V.,Telecommunications,Public Company,"Telecom, Fiber, Managed Voice, VoIP, DSL, Hosted VoIP, Managed Services, Cloud telephony, Vast mobiel, Cloud services, FMC / Vast mobiel integratie, Mobiele telefonie, SIP trunk",hengelo
1349,https://www.linkedin.com/company/voizes/,Voizes,Telecommunications,Public Company,,enschede
1350,https://www.linkedin.com/company/vollo-nl/,Vollo,Computer Software,Sole Proprietorship,,wierden
1351,https://www.linkedin.com/company/voyancenl/,VOYANCE,Computer Software,Sole Proprietorship,,hengelo
1354,https://www.linkedin.com/company/vteltelecom/,Vtel telecom,Information Technology & Services,Privately Held,"Vcare - High secure cloudtelefonie voor de zorg, Vcloud - High secure intelligent cloudtelefonie, Oplossingen die garant staan voor een zorgeloze bereikbaarheid en optimale communicatie met uw doelgroep, Mobiele telefonie",enschede
1355,https://www.linkedin.com/company/vvv-ootmarsum-dinkelland/,VVV Ootmarsum-Dinkelland,Information Services,Public Company,"Gastheerschap, Informatiedienstverlening, Arrangementen, Toerisme, Recreatie, Cultuur",ootmarsum
1356,https://www.linkedin.com/company/vvv-anwb-oldenzaal/,VVV/ANWB Oldenzaal,Information Services,Public Company,"Arrangementen, Tourist Information, VVV, ANWB, Fietroutes, Wandelroutes, Promotie Oldenzaal",oldenzaal
1359,https://www.linkedin.com/company/w-recycleit/,Waanders RecycleIT,Information Technology & Services,Sole Proprietorship,"Datavernietiging, Afvoeren IT-apparatuur, Wipe, Datawipe",nijverdal
1361,https://www.linkedin.com/company/wassens-it-solutions/,Wassens IT Solutions,Computer Software,Self-Employed,,enschede
1364,https://www.linkedin.com/company/we-will-webdesign/,We Will Webdesign,Computer Software,Sole Proprietorship,"Webdevelopment, Weboptimalisatie, Zoekmachineoptimalisatie",almelo
1365,https://www.linkedin.com/company/we-code-interactive-media/,we::code,Internet,Privately Held,"Magento, webapplicaties, content management, CMS, Silverstripe, PHP, typo3, symfony, drupal, scrum, software, enterprise, nodejs, react, angualr, vue, Boostrap, Laravel",oldenzaal
1366,https://www.linkedin.com/company/web-enrichment/,Web Enrichment,Information Technology & Services,Sole Proprietorship,,almelo
1367,https://www.linkedin.com/company/webboost-b-v/,WebBoost B.V.,Internet,Privately Held,,oldenzaal
1376,https://www.linkedin.com/company/2849513/,Webova Nederland | Internet Concepten,Internet,Partnership,"softwareproducten, narrowcasting, website, apps, development, branding, software, webdesign",almelo
1377,https://www.linkedin.com/company/webshopimporter/,Webshopimporter,Information Technology & Services,Privately Held,,enschede
1380,https://www.linkedin.com/company/webton/,Webton,Internet,Privately Held,"Merkstrategie, (Her)positionering, Merkidentiteit en -concept, Communicatiestrategie, Online marketingstrategie, Linkbuilding, Google Ads, Zoekmachine optimalisatie, (Web)development, Webshop development, Social Media, Visuele identiteit, Webdesign, Content creat",hengelo
1381,https://www.linkedin.com/company/webtreffend/,WebTreffend,Information Technology & Services,Sole Proprietorship,"SEO, Digital Marketing, web design",enschede
1382,https://www.linkedin.com/company/webwerf/,Webwerf,Information Technology & Services,Partnership,,enschede
1391,https://www.linkedin.com/company/weppster/,Weppster,Information Technology & Services,Public Company,"WordPress websites / webshops, Magento webshops, Koppelingen met Exact Online en Exact Globe",almelo
1392,https://www.linkedin.com/company/wepublish-retail/,WePublish,Computer Software,Privately Held,"Online publishing, Social publishing, Tablet publishing, iPad publishing, Mobile publishing, retail",oldenzaal
1397,https://www.linkedin.com/company/wifitenne/,WifiTenne,Information Technology & Services,Privately Held,"Draadloze netwerken, Wifi, Ticketing, Recreatie",almelo
1399,https://www.linkedin.com/company/wirelab-digital-agency/,Wirelab - Digital Agency,Internet,Partnership,"Strategy, Content creation, UX/UI Design, Backend Development, Digital tranformation, Motion graphics, Frontend development, Mobile development, Game development, Video production",enschede
1401,https://www.linkedin.com/company/wisa-enschede-bv/,Wisa Enschede BV,Marketing & Advertising,Privately Held,,enschede
1402,https://www.linkedin.com/company/wizzlemedia/,Wizzle Media,Computer Software,Public Company,"Webdesign, Webdevelopment, Softwareontwikkeling, Appdevelopment",enschede
1410,https://www.linkedin.com/company/wtb-beheer-bv/,WTB Beheer BV,Computer Software,Sole Proprietorship,"Apps for Google Android, Apps for iPhone, Apps for Windows",oldenzaal
1415,https://www.linkedin.com/company/ximmio/,Ximmio BV,Information Technology & Services,Privately Held,"Advies en Ontwikkelpartner voor de Afval, Recycling en Milieu branche , Organisaties mobiel laten opereren (Enterprise Mobility), Bedrijfssoftware ontwikkelen, Bedrijfs apps ontwikkelen, Werkprocessen digitaliseren, Werkprocessen mobiel maken",hengelo
1418,https://www.linkedin.com/company/xsthecloud/,XStheCloud,Information Technology & Services,Privately Held,"Cloud oplossingen, (Cloud)Telefonie, ICT vereenvoudigen, Applicatiebeheer, Netwerkbeheer",enschede
1420,https://www.linkedin.com/company/yarle/,YARLE®,Computer Software,Privately Held,"Vacature Marketing, Online Recruitment, Social Media Recruitment, E-recruitment, Recruitment, Software",almelo
1425,https://www.linkedin.com/company/your-web-creations/,Your Web Creations,Information Technology & Services,Self-Employed,,enschede
1426,https://www.linkedin.com/company/zaalagenda/,Zaalagenda.nl,Computer Software,Public Company,,almelo
1427,https://www.linkedin.com/company/zcur/,ZCUR - Informatiebeveiliging en Privacy,Information Technology & Services,Privately Held,,almelo
1428,https://www.linkedin.com/company/zeelvis-it/,ZeelVis-IT,Information Technology & Services,Self-Employed,"AFAS Software, Procesoptimalisatie, OutSite, Projectmanagement, Gebruikersondersteuning, Functioneel beheer, Kennisoverdracht, Workflows, HRM, InSite, Financieel, Werving & Selectie",albergen
